id,key,isPublic,Chinese,(Traditional),Chinese,(Simplified),English,,,,
1,err_param,0,參數錯誤。,,,,,,,,
2,err_auth,0,身份驗證錯誤，沒有登陸或者token超時,,,,,,,,
3,err_db,0,數據庫錯誤,,,,,,,,
4,err_redis,0,redis錯誤,,,,,,,,
5,err_internal,0,服務器內部錯誤,,,,,,,,
6,err_not_match,1,用戶名或密碼錯誤,,,,,,,,
7,err_account_exist,0,該用戶已經存在,,,,,,,,
8,err_player_exist,0,player已經創建,,,,,,,,
9,err_not_exist,0,地圖數據錯誤,,,,,,,,
10,err_not_exist,0,玩家已經存在,,,,,,,,
11,err_not_exist,0,戰鬥數據錯誤,,,,,,,,
31,0,0,擁有強力英雄,,,,,,,,
32,0,0,增強英雄能力,,,,,,,,
33,0,0,合理隊伍搭配,,,,,,,,
34,0,0,卡牌信息,,,,,,,,
35,0,0,隊伍編成,,,,,,,,
36,0,0,戰鬥,,,,,,,,
37,0,0,PVP對戰,,,,,,,,
38,0,0,英雄殿堂,,,,,,,,
39,0,0,召喚殿堂,,,,,,,,
40,0,0,郵箱,,,,,,,,
41,0,0,獻祭,,,,,,,,
42,0,0,進化,,,,,,,,
43,0,0,強化,,,,,,,,
44,0,0,金錢,,,,,,,,
45,0,0,金幣,,,,,,,,
46,0,0,英雄,,,,,,,,
47,0,0,魔石,,,,,,,,
48,0,0,強化水晶,,,,,,,,
49,0,0,經驗,,,,,,,,
50,0,0,技能經驗,,,,,,,,
51,0,0,遊戲中有眾多卡片，每張卡片代表一個英雄，每個英雄都有自己的獨特的技能，要想變強，擁有一眾強力小夥伴是必須的。\n\n[8B0000]品質[-]\n按照品質來分从低至高共有五个等级：普通D< 精良C<稀有B<史詩A<傳說S，一般情況下品質越高則英雄約強。,,,,,,,,
52,0,0,光擁有強力英雄還是不夠的，獲得卡片之後還需要升級、獻祭、進化、強化，經過這一系列歷練之後的英雄才是最強的英雄。\n\n[8B0000]等級[-]\n通過打怪可以提升英雄等級，升級之後可以增加血量、力量、防禦、智力、敏捷五項屬性。\n\n,[8B0000]獻祭[-]\n每個英雄都至少有一個技能，通過獻祭可以提升英雄技能等級，技能等級提升之後可以增加戰鬥中技能觸發概率。\n\n[8B0000]進化[-]\n英雄可以通過進化變成更加稀有和強大的英雄，大多數卡片都可以從低階品質進化到高一階品質。\n\n[8B0000]強化[-]\n每個英雄都可以通過吃強化石永久增加相應屬性，共有五種強化石對應五種屬性。,,,,,,,
53,0,0,遊戲中有千余張卡牌，200多種技能，20多種陣型，合理的搭配很有可能讓你以弱勝強！\n\n[8B0000]隊伍編成[-]\n人多力量大，多帶幾個英雄出戰比單槍匹馬要厲害的多，所以儘量多收編一些強力英雄到你的隊伍里會讓你隊伍實力大增。\n\n[8B0000]人員選擇[-]\n英雄各有特色，選擇合適的英雄，組成一支特色的隊伍也是值得研究的一件事。無論是速度流、防守流、反擊流，各種流派都有自己的特長。\n\n[8B0000]陣型選擇[-]\n隊伍中前排攻擊力增加防禦減少，後排攻擊力削弱但防禦增加，所以同樣的人員配置，因為選擇的陣型不同有可能帶來截然不同的結果，光一組強力隊伍還不夠，搭配合適的陣型才是王道。,,,,,,,,
54,0,0,在卡牌信息里可以非常直觀的看到當前卡牌的各項屬性、技能等信息。\n\n[8B0000]等級[-]\n每個英雄初始都為1級，通過戰鬥可以獲得經驗值，當累計經驗值到一定數值后即會升級。\n▲升級之後英雄屬性會有一定程度的提升，且血量會回滿；\n▲主角升級之後角色體力值及戰力值會補滿；\n▲每個英雄都會有等級上限，英雄稀有度不同等級上限也不同。\n\n[8B0000]經驗值[-]\n只要英雄參與戰鬥即可獲得經驗值；\n\n[8B0000]成長類型[-]雄分成三種成長類型，分別是早熟、普通及潛力。英雄每次升級的時候會根據各自的成長類型獲得或多或少的能力值增長。\n早熟：初期屬性增長快，後期增長慢。\n普通：屬性增長速度一般。\n潛力：初期屬性增長慢，後期增長快。\n▲一般來說，同品質的英雄，從屬性上來說潛力>普通>早熟。\n\n[8B0000]屬性[-]\n每個英雄屬性都不同，屬性值越高英雄越強。\n血量：英雄的生命值，受到傷害會減少；\n攻擊：決定對敵人造成的物理傷害值；\n防禦：影響受到的物理傷害值；\n智力：決定對敵人造成的魔法傷害值及影響受到的魔法傷害值\n敏捷：決定出手的快慢，敏捷越高，出手越快。\n▲可以通過英雄升級、卡片進化、卡片強化來增加屬性。\n\n[8B0000]價值[-]\n指解散英雄之後可獲得的金錢數量，一般來說價值越高，英雄越強。\n\n[8B0000]技能[-]\n每個英雄都至少擁有一個技能，在戰鬥中會有一定幾率觸發技能。\n技能類型\n狀態技能：在戰鬥開始前觸發，一般為增益或減益技能；\n主動技能：在戰鬥過程中觸發，一般為攻擊或回覆類技能；\n被動技能：在被攻擊時觸發。\n冒險技能：在推圖過程中觸發。\n技能等級\n▲英雄的初始技能等級為1級，最高可以升級到20級；\n▲可以通過獻祭來增加卡片的技能經驗，當技能經驗到一定程度即可提升技能等級，一般來說用來獻祭卡片的品質越高，增加的技能經驗值越多；\n▲史萊姆是專門用來獻祭的卡片，可以增加較多的技能經驗值。\n觸發概率\n▲戰鬥時會有一定幾率觸發英雄技能，概率值越高，則觸發幾率越大。\n▲增加觸發概率可以通過技能升級來增加，技能等級越高觸發概率越大。\n\n[8B0000]卡牌品質[-]\n▲每张卡片代表一个英雄，英雄稀有度从低至高共有五个等级：普通D< 精良C<稀有B<史詩A<傳說S\n▲英雄可以通過進化變成更加稀有和強大的英雄。,,,,,,,,
55,0,0,在冒險之前需要先配置你的隊伍，一共可配置3組隊伍，可任選其一進入冒險。\n\n[8B0000]隊伍分類[-]\n前鋒：隊伍中最前排的位置，能夠造成更多的傷害，但是受到的攻擊也會更多；\n中衛：隊伍中間的位置，攻擊及防禦不變；\n後衛：隊伍中最後排的位置，在後排的英雄造成的傷害少，但受到的傷害也少；\n替補：替補中的英雄是隊伍的後備力量，可以在開始一場戰鬥前將替補換上，或者有主力隊員死亡后替補會自動補上。\n▲隊伍配置在冒險過程中不可改變。\n▲點擊“自動佈陣”之後，系統會挑選隊伍中較強的英雄加入到隊伍中。\n▲在冒險時每走一步替補隊員就會恢復一定的生命值，所以當有英雄受傷時可以將他放到替補隊列中休息。\n\n[8B0000]陣型[-]\n▲隊伍會按照一定的陣型排列，每一只隊伍都可以配置不同的陣型。\n▲陣型可以在劇情模式中通過一些關卡后獲得。,,,,,,,,
56,0,0,在場景中，遇到敵人的話就會展開戰鬥。在點擊“開始戰鬥”之前，你可以調整你的隊伍。\n\n[8B0000]勝利[-]\n打倒所有敵人即為戰鬥勝利，并可獲得經驗值。\n\n[8B0000]失敗[-]\n如果隊伍中所有隊員都死亡的話即為失敗。\n\n[8B0000]死亡[-]\n當英雄的生命值將為0時，就進入死亡狀態，無法繼續戰鬥，但可以通過道具使其復活。當通關之後會自動復活。\n\n[8B0000]闖關失敗[-]\n如果隊伍中的所有人都死亡的話，則闖關失敗。如果主角死亡，就算其他英雄還能繼續戰鬥，也判定為闖關失敗。如果使用道具可以復活主角及英雄，復活后可以繼續闖關而不必放棄從頭來過。\n\n[8B0000]BOSS[-]\n每個地區的關底都會遇到BOSS，打倒BOSS就能前往下一個地區，如果被打敗也不必灰心，BOSS受到的傷害不會恢復，多嘗試幾次就能打敗了。\n\n[8B0000]各種狀態[-]\n中毒：中毒的英雄每個回合會失去一定血量；\n麻痹：麻痹的英雄會停止一個回合行動；\n冰凍：冰凍的英雄回停止一個回合行動；\n增益狀態：對己方有益的狀態\n減益狀態：對己方不利的狀態,,,,,,,,
57,0,0,[8B0000]基本規則[-]\n在場景冒險的時候，有幾率遇到其他玩家，從列表中選擇想要對戰的玩家進行對戰。如果在10分鐘內取得3連勝的話，就能獲得獎勵，連勝次數越多，獎勵約豐厚。每天的前面幾名還能獲得額外的排名獎勵。\n\n[8B0000]連勝[-]\n\n每獲得3連勝，就能獲得額外獎勵。一旦輸掉一場，連勝紀錄就從0開始累計。如果沒有能夠在10分鐘內獲得3場勝利的話，你獲得的勝利將不會被統計。\n\n[8B0000]排行榜[-]\n排行榜的排名取決於每天12點20點至0點你獲得的積分數。\n\n[8B0000]戰鬥方式[-]\n你可以選擇全力戰鬥，全力戰鬥消耗3點戰力，不過你隊伍能力會得到50%的增益。,,,,,,,,
58,0,0,你的小夥伴們都集結在英雄殿堂，這裡可以查看他們詳細的屬性。\n\n[8B0000]排序[-]\n▲有兩種排序方式，一種是按照等級進行排序，一種是按照稀有度進行排序。\n▲點擊箭頭可以切換升序或者降序。\n\n,[8B0000]交易[-]\n▲殿堂中的英雄還可以跟其他玩家進行交換或者交易給系統換取金錢。,,,,,,,
59,0,0,召喚殿堂可以通過消耗魔石或者金幣召喚出各種英雄。\n\n[8B0000]魔石召喚[-]\n▲魔石分為初階魔石、中階魔石及高階魔石三種，每顆魔石可召喚出一個英雄，品階越高的魔石越容易召喚出強力英雄；\n▲魔石可通過冒險獲得。\n\n[8B0000]金幣召喚[-]\n可以消耗一定的金幣來召喚英雄，金幣卡包可抽出一些限量或稀有英雄。,,,,,,,,
60,0,0,遊戲中獲得的各種獎勵都會保存在郵箱中，所以要經常查看郵箱，說不定有你遺忘的好東西哦。\n\n[8B0000]系統郵箱[-]\n用以存放系統獎勵或贈送的道具及卡片。\n\n[8B0000]臨時郵箱[-]\n存放一些臨時的道具及卡片，臨時郵箱保存時限為24小時，如果24小時不取走則道具會丟棄。\n\n[8B0000]外部郵箱[-]\n用以接受外部郵件，例如交易得到的物品、其他玩家贈送的物品等。,,,,,,,,
61,0,0,▲英雄可通過獻祭來提升技能等級，作為材料的英雄會在獻祭之後消失。\n▲作為獻祭對象的英雄，一次可最多放入8名材料英雄，每名材料英雄都會提升主英雄的技能經驗值。\n▲獻祭會增加主英雄的技能經驗值，以提升技能等級。技能等級越高，戰鬥時發動率也越高。\n▲如果英雄的技能等級滿了就不能通過獻祭繼續升級了。不過可以作為獻祭材料。\n▲點擊“一鍵添加”會自動加入D級及C級的英雄作為材料，如果是B級及以上就需要手動添加了。\n▲每點擊一次“添加史萊姆”，則自動添加一只史萊姆在材料格。,,,,,,,,
62,0,0,▲兩名相同的英雄可以進行進化，從而產生一個新的英雄，除了英雄的外觀及稀有度會發生變化外，英雄的屬性也會得到提升。\n▲主卡為想要進化的英雄，副卡作為進化材料，進化完成后材料英雄會消失，每次只能進化一個英雄。\n▲英雄可以通過進化變成更加稀有和強大的英雄。\n▲有幾顆空的孔，代表可以進化的次數。\n▲每次進化時，主卡的等級及技能等級將保留。,,,,,,,,
63,0,0,強化可以提升英雄的能力值，需要消耗強化石。\n\n[8B0000]強化石分類[-]\n生命石：增加生命力50點\n攻擊石：增加攻擊力50點\n防禦石：增加防禦力50點\n敏捷石：增加敏捷50點\n智慧石：增加智力50點,,,,,,,,
64,0,0,▲劇情關卡,★★★\n\n▲卡片出售,★★★★\n\n▲登陸獎勵,★★,,,,,
65,0,0,▲充值,★★★★★\n\n▲新手禮包,★★,,,,,,
66,0,0,▲魔石卡包抽取,★★★\n\n▲金幣卡包抽取,★★★★★\n\n▲劇情關卡,★\n\n▲交易,,★★★,,,
67,0,0,▲劇情關卡,★★★\n\n▲登陸獎勵,★★\n\n▲PVP獎勵,,★★★★\n\n▲副本,,★★★★,,
68,0,0,▲劇情關卡,★★\n\n▲登陸獎勵,★★\n\n▲PVP獎勵,,★★★★\n\n▲副本,,★★★★★,,
69,0,0,▲劇情關卡,★★★★\n\n▲副本,★★★★,,,,,,
70,0,0,▲劇情關卡,★★\n\n▲PVP獎勵,,★★★★\n\n▲副本,★★★★★,,,,
101,0,0,初級魔石包,,,,,,,,
102,0,0,可抽取D\C\B\A級卡片,,,,,,,,
103,0,0,中級魔石包,,,,,,,,
104,0,0,可抽取D\C\B\A級卡片,,,,,,,,
105,0,0,高級魔石包,,,,,,,,
106,0,0,可抽取B\A級卡片,,,,,,,,
107,0,0,<進擊的巨人>特殊卡包,,,,,,,,
108,0,0,可抽取B\A級卡片及限量卡片。\n每次抽取消耗100鑽石，10連抽消耗1000鑽石。,,,,,,,,
119,0,0,“創世之翼”聯盟國之一，古倫帝國的郡主，只要有她在，戰友的生命保障不是問題。,,,,,,,,
120,0,0,古代黑暗煉金術的產物，靈魂與鋼鐵的集合體，雷霆與閃電的掌控者，誓將敵人毀滅於天罰之下！,,,,,,,,
121,0,0,戒律善念皆浮雲，唯我鐵拳是真理。一切都用拳頭說話的蠻僧，相與她講道理，先贏過他的拳頭吧！,,,,,,,,
122,0,0,“創世之翼”的聯盟軍師，運籌帷幄中，決勝千裡外，她永遠不是一個人在戰鬥！,,,,,,,,
123,0,0,極寒之地銀光城的勇士，無論敵人強弱，都會全力以赴，毀滅英雄殿，光復銀光城是他的願望。,,,,,,,,
124,0,0,十步殺一人，千里不留痕！作為東龍帝國的最強禦劍師，斬殺英雄王已成為她的執念。,,,,,,,,
125,0,0,追求至強武道的蠻僧，敵人越多越好，以戰養戰，終有一天會達到那武道的至高之境。,,,,,,,,
126,0,0,為使煉金術再度輝煌，從該死的英雄殿手中搶奪資源是個好辦法。要是不給，那就一把火燒光好了。,,,,,,,,
127,ui_common_warning,0,警告！,,,,,,,,
128,ui_common_choose,0,选定,,,,,,,,
129,ui_common_change,0,替换,,,,,,,,
130,ui_common_cancle,0,取消,,,,,,,,
131,ui_common_confirm,0,確定,,,,,,,,
132,ui_common_close,0,關閉,,,,,,,,
133,ui_common_skip,0,跳過,,,,,,,,
134,ui_common_next,0,下一個,,,,,,,,
135,ui_common_accept,0,接收,,,,,,,,
136,ui_common_page1,0,上一頁,,,,,,,,
137,ui_common_page2,0,下一頁,,,,,,,,
138,ui_common_use,0,使用,,,,,,,,
139,ui_common_yes,0,是,,,,,,,,
140,ui_common_no,0,否,,,,,,,,
141,ui_home_name,0,名称,,,,,,,,
142,ui_home_level,0,等级,,,,,,,,
143,ui_home_exp,0,经验值,,,,,,,,
144,ui_home_ap,0,体力,,,,,,,,
145,ui_home_xp,0,战力,,,,,,,,
146,ui_home_adv,0,游戏模式,,,,,,,,
147,ui_home_item,0,道具,,,,,,,,
148,ui_home_shop,0,商城,,,,,,,,
149,ui_home_friend,0,好友,,,,,,,,
150,ui_home_help,0,帮助,,,,,,,,
151,ui_home_setting,0,设置,,,,,,,,
152,ui_hero_title,0,英雄殿堂,,,,,,,,
153,ui_hero_level_up,0,等级升序,,,,,,,,
154,ui_hero_title_down,0,等级降序,,,,,,,,
155,ui_hero_rarity_up,0,稀有度升序,,,,,,,,
156,ui_hero_rarity_down,0,稀有度降序,,,,,,,,
157,ui_hero_sell,0,出售,,,,,,,,
158,ui_hero_amount,0,英雄数量,,,,,,,,
159,ui_hero_level,0,等級,,,,,,,,
160,ui_hero_exp,0,經驗值,,,,,,,,
161,ui_hero_grow,0,成長,,,,,,,,
162,ui_hero_hp,0,血量,,,,,,,,
163,ui_hero_atk,0,攻擊,,,,,,,,
164,ui_hero_def,0,防禦,,,,,,,,
165,ui_hero_wis,0,智力,,,,,,,,
166,ui_hero_agi,0,敏捷,,,,,,,,
167,ui_hero_worth,0,價值,,,,,,,,
168,ui_hero_skillevel,0,技能等級,,,,,,,,
169,ui_hero_skillexp,0,技能經驗,,,,,,,,
170,ui_gacha_title,0,召唤殿堂,,,,,,,,
171,ui_gacha_button_eventpact,0,特殊卡包,,,,,,,,
172,ui_gacha_button_bloodpact,0,高阶卡包,,,,,,,,
173,ui_gacha_button_silverpact,0,中阶卡包,,,,,,,,
174,ui_gacha_button_copperpact,0,初阶卡包,,,,,,,,
175,ui_gacha_pact_nocoin_1,0,你的初阶魔石不足，初阶魔石无法购买。\n\n你可以通过宝箱或者通关场景获得初阶魔石，也可以选择等到午夜12点来获得另一次免费召唤。,,,,,,,,
176,ui_gacha_pact_nocoin_2,0,你的中阶魔石不足，中阶魔石无法购买。\n\n在冒险过程中有机会获得中阶魔石。,,,,,,,,
177,ui_strengthen_title,0,献祭,,,,,,,,
178,ui_strengthen_base,0,請选择主卡,,,,,,,,
179,ui_strengthen_cost,0,花费,,,,,,,,
180,ui_strengthen_alert_1,0,注意：材料卡片中含有B+级卡片，确定要用其进行献祭吗？,,,,,,,,
181,ui_strengthen_moneylack,0,金钱不足,,,,,,,,
182,ui_strengthen_onekey,0,一键添加,,,,,,,,
183,ui_strengthen_slim,0,添加史莱姆,,,,,,,,
184,ui_strengthen_noslim,0,没有史莱姆,,,,,,,,
185,ui_strengthen_evo,0,进化,,,,,,,,
186,ui_strengthen_choose_spawn,0,請选择主卡,,,,,,,,
187,ui_strengthen_nospawn,0,你没有可进化的英雄。,,,,,,,,
188,ui_strengthen_noseed,0,没有材料卡片。,,,,,,,,
189,ui_strengthen_alert_2,0,基础卡片的星级不能低于材料卡片。,,,,,,,,
190,ui_strengthen_empower,0,强化,,,,,,,,
191,ui_strengthen_choose_familiar,0,选择英雄,,,,,,,,
192,ui_strengthen_empower_info,0,每种水晶最多使用10次。,,,,,,,,
193,ui_band_nofamiliar,0,没有可以编队的英雄。,,,,,,,,
194,ui_band_formation_1,0,队伍1,,,,,,,,
195,ui_band_formation_2,0,队伍2,,,,,,,,
196,ui_band_formation_3,0,队伍3,,,,,,,,
197,ui_band_formation_4,0,队伍4,,,,,,,,
198,ui_band_formation_5,0,队伍5,,,,,,,,
199,ui_band_formation_alert_1,0,冒险中，无法编队。,,,,,,,,
200,ui_band_recommend,0,自动编队,,,,,,,,
201,ui_band_formation_alert_2,0,该功能会自动编成队伍，确定吗？,,,,,,,,
202,ui_band_set,0,放置,,,,,,,,
203,ui_band_unset,0,移除,,,,,,,,
204,ui_band_change,0,替换,,,,,,,,
205,ui_items_title,0,道具,,,,,,,,
206,ui_items_target,0,要对哪个英雄使用？,,,,,,,,
207,ui_items_notarget,0,没有有效目标。,,,,,,,,
208,ui_items_noitem,0,你没有任何道具,,,,,,,,
209,ui_map_formationget,0,获得了新阵型！,,,,,,,,
210,ui_map_formation_get,0,在队伍画面选择新的阵型吧！,,,,,,,,
211,ui_map_worldmap,0,世界地图,,,,,,,,
212,ui_map_regionmap,0,区域地图,,,,,,,,
213,ui_map_allclear,0,所有已解锁地区全部通关。\n请期待接下来的更新吧！,,,,,,,,
214,ui_map_clear,0,场景通关,,,,,,,,
215,ui_map_treasureget,0,获得宝物,,,,,,,,
216,ui_map_button_open,0,打开宝箱,,,,,,,,
217,ui_map_button_items,0,道具,,,,,,,,
218,ui_map_button_shop,0,商店,,,,,,,,
219,ui_map_button_quit,0,放弃,,,,,,,,
220,ui_map_button_item1,0,療傷草藥,,,,,,,,
221,ui_map_button_item2,0,復活神水,,,,,,,,
222,ui_map_zonemenu_alert,0,如果放弃当前冒险，所有未打开的宝箱都被自动放弃，并重新开始该场景。 \n确定要放弃吗？\n (你可以在不放弃冒险的情况下，点击主页按钮回到主页选择其他操作),,,,,,,,
223,ui_map_title_gameover,0,全军覆没,,,,,,,,
224,ui_map_gameover_recommend_1,0,请复活主角后继续。,,,,,,,,
225,ui_map_title_pvp,0,PVP对战 {0}/3,,,,,,,,
226,ui_map_pvp_winning,0,{0}连胜！,,,,,,,,
227,ui_map_pvp_winning_2,0,连胜: {0} > {1},,,,,,,,
228,ui_map_pvp_winning_3,0,{0}连胜,,,,,,,,
229,ui_map_pvp_timeout,0,超时,,,,,,,,
230,ui_map_pvp_timeout_explain,0,没有能够在10分钟内获得3连胜。连胜场次被清零。,,,,,,,,
231,ui_map_pvp_reset,0,连胜场次被重置为0。,,,,,,,,
232,ui_map_pvp_prep,0,准备战斗,,,,,,,,
233,ui_map_pvp_player,0,对手,,,,,,,,
234,ui_map_pvp_rest,0,再获得{0}连胜，获取连胜奖励！,,,,,,,,
235,ui_map_pvp_achieve,0,3连胜！,,,,,,,,
236,ui_map_pvp_reward,0,{0}连胜奖励,,,,,,,,
237,ui_map_pvp_ranking,0,積分排行,,,,,,,,
238,ui_map_pvp_30wins,0,恭喜你！30连胜！！纪录清零，请重新开始你的连胜记录吧！,,,,,,,,
239,ui_map_pvp_wins,0,{0}胜,,,,,,,,
240,ui_map_pvp_today,0,今日排行,,,,,,,,
241,ui_map_pvp_total_wins,0,今日積分,,,,,,,,
242,ui_map_pvp_time_remaining,0,今日剩余时间,,,,,,,,
243,ui_map_pvp_warlord_level,0,英雄 LV.,,,,,,,,
244,ui_map_pvp_ranking_rewards,0,今日排名奖励,,,,,,,,
245,ui_map_pvp_count_reset,0,在获得30连胜之后，连胜次数会被清零,,,,,,,,
246,ui_map_pvp_top,0,今日头名,,,,,,,,
247,ui_map_pvp_nocount,0,战斗持续过长，连胜中断。,,,,,,,,
248,ui_map_pvp_unavailable,0,没有能够在10分钟内获得3连胜。连胜场次被清零。,,,,,,,,
249,ui_map_pvp_morale_details,0,你可以选择全力战斗，全力战斗消耗3点精力，你的队伍能力值会得到50% 的加成。,,,,,,,,
250,ui_map_pvp_morale_items,0,可以使用下列2种道具来恢复精力！,,,,,,,,
251,ui_map_pvp_morale_bugle,0,号角,,,,,,,,
252,ui_map_pvp_morale_bugle_details,0,恢复1点戰力。,,,,,,,,
253,ui_map_pvp_morale_gjallarhorn,0,振奮号角,,,,,,,,
254,ui_map_pvp_morale_gjallarhorn_details,0,恢复所有戰力。,,,,,,,,
255,ui_prepare_title,0,出發前的部署,,,,,,,,
256,ui_prepare_band,0,配置隊伍,,,,,,,,
257,ui_prepare_start,0,開始冒險,,,,,,,,
258,ui_battle_choose,0,出戰,,,,,,,,
259,ui_battle_catch_title,0,淨化,,,,,,,,
260,ui_battle_catch,0,誘惑粉末有一定概率可以淨化怪物，而高級誘惑粉末的成功率则是100%。,,,,,,,,
261,ui_battle_use,0,要使用高級誘惑粉末来淨化吗？,,,,,,,,
262,ui_selectarea_zone1,0,關卡1,,,,,,,,
263,ui_selectarea_zone2,0,關卡2,,,,,,,,
264,ui_selectarea_zone3,0,關卡3,,,,,,,,
265,ui_selectarea_zone4,0,關卡4,,,,,,,,
266,ui_selectarea_zone5,0,關卡5,,,,,,,,
267,ui_selectarea_difficulty,0,難度,,,,,,,,
268,ui_selectarea_dropitem,0,掉落道具,,,,,,,,
269,ui_selectarea_dropcard,0,掉落卡片,,,,,,,,
270,ui_wagon_1,0,你无法再获得更多该道具了。过量的道具会在仓库中存放24小时。\n\n请前往“主页 > 仓库 > 临时”中查看。,,,,,,,,
271,ui_wagon_2,0,你的英雄数已达上限。过量的英雄会在仓库中存放24小时。\n\n请前往“主页 > 仓库 > 临时”中查看。,,,,,,,,
272,ui_wagon_3,0,你该道具的持有数已达上限。过量的道具会被放到仓库中。\n\n请前往“主页 > 仓库 > 普通”中查看。,,,,,,,,
273,ui_wagon_4,0,你的英雄数已达上限。过量的英雄会被放到仓库中。\n\n请前往“主页 > 仓库 > 普通”中查看。,,,,,,,,
274,ui_wagon_excess_1,0,你该道具的持有数已达上限。,,,,,,,,
275,ui_wagon_excess_2,0,你的英雄持有数已达上限。,,,,,,,,
276,ui_wagon_none,0,仓库为空。,,,,,,,,
277,ui_wagon_error,0,获取失败。,,,,,,,,
278,ui_wagon_acceptall,0,接收所有,,,,,,,,
279,ui_wagon_system,0,系統郵件,,,,,,,,
280,ui_wagon_temporary,0,臨時郵件,,,,,,,,
281,ui_wagon_socail,0,外部郵件,,,,,,,,
282,ui_pvpincentive_title,0,PVP獎勵,,,,,,,,
283,ui_pvpincentive_winreward,0,連勝獎勵,,,,,,,,
284,ui_pvpincentive_rankingreward,0,排名獎勵,,,,,,,,
285,ui_pvpincentive_win,0,連勝,,,,,,,,
286,ui_pvprank_title,0,積分排行榜,,,,,,,,
287,ui_pvprank_rank,0,排名,,,,,,,,
288,ui_pvprank_myrank,0,我的排名,,,,,,,,
1001,0,0,底比琉斯历1637年，光耀圣殿。,,,,,,,,
1002,0,0,根据情报，这座圣殿就是魔灵的老巢了，只要攻下这里人类就可以彻底翻身了。,,,,,,,,
1003,0,0,据说这里聚集了最强力的魔灵，想想都兴奋，哈哈！！！,,,,,,,,
1004,0,0,这里的魔灵也许会是我们碰到过最强的敌人吧，大家千万要小心。,,,,,,,,
1005,0,0,點擊地图上“箭头”按钮即可移動。,,,,,,,,
1006,0,0,什么人，胆敢擅自闯入神殿！受死吧！,,,,,,,,
1007,0,0,游戏为自动战斗，点击“开站”按钮进入战斗。,,,,,,,,
1008,0,0,连护卫都是A级魔神，看来接下去会有一场恶战了。,,,,,,,,
1009,0,0,没什么能阻挡我们创世五虎的，哈哈哈~,,,,,,,,
1010,0,0,点击“GO”按钮亦可移动，试试吧。,,,,,,,,
1011,0,0,前面似乎是条分岔路，我们要不要分头行动？,,,,,,,,
1012,0,0,这次不是一般的敌人，尽量不要分开了，你可以打开地图看看周围情况。,,,,,,,,
1013,0,0,点击“小地图”按钮可以查看地形路线。,,,,,,,,
1014,0,0,原来都是通往一个地方的，那随便选择一条路走就可以了。,,,,,,,,
1015,0,0,一旦碰到分岔路口，点击相应的“箭头”按钮即可选择路线。,,,,,,,,
1016,0,0,也可以通过点击“选择”按钮选择好方向，再点击“GO”移动。,,,,,,,,
1017,0,0,又是强力魔灵，大家打起精神了。,,,,,,,,
1018,0,0,好久没打的这么痛快了，哈哈哈！,,,,,,,,
1019,0,0,我有预感后面的魔灵会更强。,,,,,,,,
1020,0,0,又是强力魔灵，大家打起精神了。,,,,,,,,
1021,0,0,好久没打的这么痛快了，哈哈哈！,,,,,,,,
1022,0,0,我有预感后面的魔灵会更强。,,,,,,,,
1023,0,0,你們有沒有感覺到前方有一股異常強大的氣息，难道是传说中的神级魔灵吗？,,,,,,,,
1024,0,0,我也感覺到了，感覺我們根本不是對手，是否需要回去重新制定作戰計劃？,,,,,,,,
1025,0,0,整个底比琉斯人民都在期待着我们与魔灵的决战，怎么可以临陣退缩呢。,,,,,,,,
1026,0,0,爲了底比琉斯人民，為了創世之翼的榮耀，兄弟們拼了！！！,,,,,,,,
1027,0,0,……,,,,,,,,
1028,0,0,……这……這就是創世神魔嗎？,,,,,,,,
1029,0,0,你也不過是塊頭看著大點，放馬過來！！！！,,,,,,,,
1030,0,0,卑微的凡人們，你們竟敢打擾我清淨，統統給我下地狱去吧！！！！！！,,,,,,,,
1031,0,0,你以為人類會向你們魔靈屈服嗎，創世之翼總有一天會讓你們滾出底比琉斯！愿创世之光照耀大地！,,,,,,,,
1032,0,0,願創世之光照耀大地！,,,,,,,,
1033,0,0,願創世之光照耀大地！,,,,,,,,
1034,0,0,願創世之光照耀大地！,,,,,,,,
1035,0,0,汪…,,,,,,,,
1036,0,0,光辉丛林，一个身穿古怪衣着的人被一群士兵围着。,,,,,,,,
1037,0,0,报告班长，发现一个可疑人物。,,,,,,,,
1038,0,0,啊啊啊啊，终于发现魔物了啊。,,,,,,,,
1039,0,0,是个人类，不过看着似乎不是附近的村民。,,,,,,,,
1040,0,0,唉，白高兴，还想早点完成任务去酒馆喝酒呢，那把他带过来我看看吧。,,,,,,,,
1041,0,0,看你样子不像是附近的人，你是谁，从哪里来？,,,,,,,,
1042,0,0,额，这里是哪里，我为什么会在这里，你们是谁？,,,,,,,,
1043,0,0,汗，你为什么在这里你倒反问起我了，这里是光辉丛林，我们是创世之翼，正在执行任务呢，这附近有魔物出现，劝你赶紧离开吧。,,,,,,,,
1044,0,0,创世之翼？魔兽？,,,,,,,,
1045,0,0,你竟然连大名鼎鼎的赏金猎人联盟创世之翼都不知道！！！！！！！！,,,,,,,,
1046,0,0,我是谁？我从哪里来？要到哪里去？为什么也想不起来了，啊啊啊啊啊~,,,,,,,,
1047,0,0,额，看来真的是失忆了……,,,,,,,,
1048,0,0,……,,,,,,,,
1049,0,0,好吧，估计这森林你也走不出去了，你就先跟着我，等我执行完任务顺道带你回城镇吧。,,,,,,,,
1050,0,0,好的，那麻烦你了。,,,,,,,,
1051,0,0,出发吧。,,,,,,,,
1052,0,0,地圖上每走一格會消耗一點體力值,,,,,,,,
1053,0,0,當體力值用完后可以通過使用道具回覆或者等待自然回覆，每五分鐘回覆一點體力值,,,,,,,,
1054,0,0,另外主角每次升級體力值都會補滿,,,,,,,,
1055,0,0,咦，地上似乎有东西在闪。,,,,,,,,
1056,0,0,哇，谁掉的钱袋，你眼睛可真亮，这是要发啊!!,,,,,,,,
1057,0,0,额，真贪财！,,,,,,,,
1058,0,0,在地图中经常可以获得金钱或各种道具。,,,,,,,,
1059,0,0,如果缺钱了可以在各个地图里搜索。,,,,,,,,
1060,0,0,报告，前方有魔物出现,,,,,,,,
1061,0,0,好吧，大家做好战斗准备！,,,,,,,,
1062,0,0,为什么一听到战斗两字我就兴奋，让我也参与战斗试试吧。,,,,,,,,
1063,0,0,看你样子就知道不是普通人，好吧，那你跟我一起出战吧，不过魔兽可不是闹着玩的，丢了小命可别怪我，哈哈。,,,,,,,,
1064,0,0,呜哇哇哇哇!!!,,,,,,,,
1065,0,0,唉，原来只是只小蛤蟆啊。,,,,,,,,
1066,0,0,每個英雄初始等級都為1級，通過戰鬥可以獲得經驗值，當累計經驗值到一定數值后即會升級。,,,,,,,,
1067,0,0,每次升級的時候你的能力值就會得到提升，并恢復生命值和體力。,,,,,,,,
1068,0,0,还挺有两下子的嘛，之前一定有训练过吧？,,,,,,,,
1069,0,0,忘记了，只是一打架我就热血沸腾。,,,,,,,,
1070,0,0,很好奇你失忆前到底是干吗的……,,,,,,,,
1071,0,0,你们是创世之翼吧，你们终于来了，呜呜呜。,,,,,,,,
1072,0,0,是的，是你们发布的委托吧？,,,,,,,,
1073,0,0,是的，最近村子里突然来了一群蛤蟆样子怪物，整个村子都几乎被它毁掉了，快点去救救村民们吧。,,,,,,,,
1074,0,0,知道了，我们加快速度吧。,,,,,,,,
1075,0,0,是！,,,,,,,,
1076,0,0,小子，去搬救兵了啊，没关系，多来点，看本大爷怎么收拾你们！,,,,,,,,
1077,0,0,真狂妄，XXX，你要一起上吗？,,,,,,,,
1078,0,0,我已经迫不及待了，呼呼~,,,,,,,,
1079,0,0,嗯嗯，开打吧。,,,,,,,,
1080,0,0,英雄，饶过我吧，是我有眼不识泰山。,,,,,,,,
1081,0,0,你怎么不饶过这些无辜的村民，滚回你的魔界去吧。,,,,,,,,
1082,0,0,哇啊啊啊啊啊！！！！！,,,,,,,,
1083,0,0,谢谢英雄们，谢谢创世之翼。,,,,,,,,
1084,0,0,没事，有困难找创世就对了，哈哈。,,,,,,,,
1085,0,0,作为感谢，我们沿途准备了一些宝物给你们。,,,,,,,,
1086,0,0,哇，那我就却之不恭了，哈哈哈。,,,,,,,,
1087,0,0,……,,,,,,,,
1088,0,0,你在偷偷的说什么啊？,,,,,,,,
1089,0,0,哇塞，是高级宝箱啊，村民们真客气，哈哈哈!,,,,,,,,
1090,0,0,不打开看看吗？,,,,,,,,
1091,0,0,你急什么，等走出森林再开吧，说不定路上还有敌人，财不可外露懂不，到了安全的地方再打开吧。,,,,,,,,
1092,0,0,这不是你的风格嘛。,,,,,,,,
1093,0,0,你说什么！！！！！,,,,,,,,
1094,0,0,对了，我看你身手不错，有没有兴趣加入创世之翼啊，我们这正缺人手呢。,,,,,,,,
1095,0,0,我都不知道创世之翼是怎么回事……,,,,,,,,
1096,0,0,你只要知道我们是在维护世界和平就行了。,,,,,,,,
1097,0,0,额，在维护世界和平的同时顺便获得一点赏金，哈哈哈！,,,,,,,,
1098,0,0,……,,,,,,,,
1099,0,0,好吧，反正我现在什么都忘记了，那就按你说的办吧。,,,,,,,,
1100,0,0,好耶，又有个强力小伙伴加入了。,,,,,,,,
1101,0,0,每个要加入创世之翼的人必须都要完成新人历练任务。,,,,,,,,
1102,0,0,真是麻烦。,,,,,,,,
1103,0,0,这次的任务是捕捉光辉丛林中的史莱姆。,,,,,,,,
1104,0,0,啊，史莱姆是什么？,,,,,,,,
1105,0,0,史莱姆是一种低级魔物，虽然战斗力比较弱但身上却有着巨大的能量，用他来献祭最合适不过了。,,,,,,,,
1106,0,0,献祭？,,,,,,,啊。,
1107,0,0,这些魔物身上都有着一种神奇的能量，通过献祭仪式可以将这些能量转移，从而变的更强大。,,,,,,,,
1108,0,0,听着似乎很有趣。,,,,,,,,
1109,0,0,先别管这么多了，完成任务要紧，我们要趁天黑前抓到他们。,,,,,,,,
1110,0,0,走，出发吧。,,,,,,,,
1111,0,0,嘘，前面好像有一群史莱姆。,,,,,,,,
1112,0,0,哦那些果冻状的就是史莱姆啊。,,,,,,,,
1113,0,0,是的，史莱姆生性比较胆小，而且受惊吓了会潜到地下，所以要轻点，别让他们跑了。,,,,,,,,
1114,0,0,知道了，那我们慢慢挪过去吧。,,,,,,,,
1115,0,0,哇吱哇吱~~~,,,,,,,,
1116,0,0,被发现了，只有先打倒他们了。,,,,,,,,
1117,0,0,嗯嗯。,,,,,,,,
1118,0,0,果然很弱，这么轻松就抓到了，任务完成，哈哈。,,,,,,,,
1119,0,0,只不过是新人历练任务，没什么好得意的。,,,,,,,,
1120,0,0,对了，你想体验下献祭吗？,,,,,,,,
1121,0,0,那当然了，赶紧来试试吧。,,,,,,,,
1122,0,0,先點擊左上角按鈕可以回到首頁。,,,,,,,,
1123,0,0,順帶說一句，在冒險過程中可以隨時退回至首頁進行一些操作，然後點擊“繼續”按鈕繼續之前的冒險。,,,,,,,,
1124,0,0,好了，讓我們先進入獻祭介面吧，可以通過點擊“強化”按鈕進入。,,,,,,,,
1125,0,0,這裡就是獻祭殿堂了，你知道什麽是獻祭儀式嗎？,,,,,,,,
1126,0,0,獻祭是能將兩個靈魂融合在一起的神聖儀式。,,,,,,,,
1127,0,0,选择一个英雄作为献祭仪式的祭品，来增强其他英雄的能力。,,,,,,,,
1128,0,0,献祭之后，祭品会消失，但是献祭对象会得到技能经验。,,,,,,,,
1129,0,0,积累技能经验能够提升技能等级，提升技能等級就能在戰鬥中增加技能的觸發概率。,,,,,,,,
1130,0,0,好了，现在就让我们来开始献祭吧。,,,,,,,,
1131,0,0,首先，请选择要强化的英雄。,,,,,,,,
1132,0,0,接着，选择作为祭品的英雄，最多一次选择8名。,,,,,,,,
1133,0,0,你可以一個個選擇祭品，也可以通過使用快捷方式來添加。,,,,,,,,
1134,0,0,一鍵添加會自動添加品質較低的英雄。,您就當放個屁把我放了吧••••,,,,,,,
1135,0,0,添加史萊姆可以自動添加隊伍中的史萊姆。,,,,,,,,
1136,0,0,來試試添加史萊姆吧，點擊“添加史萊姆”按鈕。,,,,,,,,
1137,0,0,好了，準備工作完成了，點擊“確定”就可以開始儀式了。,,,,,,,,
1138,0,0,看，技能等級和技能觸發幾率都增加了，是不是很簡單啊！,,,,,,,,
1139,0,0,好了，獻祭完成了，我們回到地圖繼續冒險吧。,,,,,,,,
1140,0,0,教导新人什么的最辛苦了，这两天可累死我了。,,,,,,,,
1141,0,0,接下来的战斗让士兵陪着你吧，我要休息会了。,,,,,,,,
1142,0,0,在冒险过程中或者战斗开始前可以切换后排队员至前排进行战斗。,,,,,,,,
1143,0,0,作为后备队员，在地图中移动时可以回复血量的哦！,,,,,,,,
1144,0,0,点击“苏拉”的位置。,,,,,,,,
1145,0,0,这里可以进行前排和后备队员的切换。,,,,,,,,
1146,0,0,点击“上阵”按钮即可切换后备队员至前排。,,,,,,,,
1147,0,0,XXX，有一件事我考虑了很久，今天要郑重的跟你说！！,,,,,,,,
1148,0,0,自我加入创世之翼的那天起，我就憧憬着有一天能成为S級赏金猎人，只是现在看来离梦想太遥远了。,,,,,,,,
1149,0,0,但我觉得你很有希望，從你身上我看到了很多不一样的特质，所以我现在的理想就是把你塑造成S级赏金猎人，嘿嘿~,,,,,,,,
1150,0,0,你这好像是把自己的理想强加到别人身上吧。,,,,,,,,
1151,0,0,別打岔，简单的说就是我以后不再参与战斗了，专心做你的经纪人，帮你领取任务，提供情报，顺便管理赏金，哈哈。,,,,,,,,
1152,0,0,说的真是冠冕堂皇，不过对于现在的我来说有个目标在也不是坏事。,,,,,,,,
1153,0,0,这样就对了嘛，加油加油！,,,,,,,,
1154,0,0,剛才不是得到幾顆魔石嘛，魔石可不是簡單的石頭，通过魔石可以与魔神界英雄签订契约，为我们服务，讓我們來召喚試試吧。,,,,,,,,
1155,0,0,召喚殿堂是召喚英雄的地方，點擊“召喚”按鈕。,,,,,,,,
1156,0,0,在这里可以召唤到强力的英雄们，让他们加入你的队伍。,,,,,,,,
1157,0,0,英雄从稀有度共有5个等级：普通D级、精良C级、稀有B级、史诗A级以及传说S级。,,,,,,,,
1158,0,0,英雄的稀有度越高，实力越强，传说S级是当中最强的英雄。,,,,,,,,
1159,0,0,你也可以通过进化将低级进化到高级。,,,,,,,,
1160,0,0,每天系统会赠送一颗免费的低级魔石，你可以通过它来召唤一名英雄。,,,,,,,,
1161,0,0,英雄们已经蠢蠢欲动了，赶紧去收编他们把。,,,,,,,,
1162,0,0,先点击“中级魔石”。,,,,,,,,
1163,0,0,恭喜获得三名强力英雄。,,,,,,,,
1164,0,0,你可以在結果介面中查看召喚到的英雄詳細情況。,,,,,,,,
1165,0,0,如果你拥有更高级的魔石，你可以通过召唤获得更加强力的英雄。,,,,,,,,
1166,0,0,每天都可以来这里看看，说不定会有一些新的强力英雄出现，可不要错过呦。,,,,,,,,
1167,0,0,有了小伙伴们的加入，我们队伍更庞大了。,,,,,,,,
1168,0,0,好了，現在讓我們繼續冒險吧。,,,,,,,,
1169,0,0,這裡是區域選擇介面，我们接下来的任务都会在这些区域完成。,,,,,,,,
1170,0,0,只有通過一關才能開啟下一關，现在讓我們開始冒險吧。,,,,,,,,
1171,0,0,這裡是關卡選擇介面，你可以在這裡選擇關卡，以及查看關卡的情报。,,,,,,,,
1172,0,0,這裡可以進行出發前的部署，可以抽卡，強化以及配置陣型。,,,,,,,,
1173,0,0,召喚和獻祭你應該都會了吧，現在讓我們來試試配置隊伍。,,,,,,,,
1174,0,0,點擊“隊伍配置”。,,,,,,,,
1175,0,0,這裡是隊伍配置介面，在這裡你可以將你獲得的英雄配置到冒險隊伍中。,,,,,,,,
1176,0,0,點擊“自動配置”按鈕，系统会自动挑选最强力的英雄编成队伍。,,,,,,,,
1177,0,0,现在你的队伍已经具备一定实力了！如果想队伍更强大那就去召唤殿堂召唤更强的英雄吧。,,,,,,,,
1178,0,0,相信你总有一天你会拥有一支能够创世五虎一样的黄金战队的。,,,,,,,,
1179,0,0,这次收到的可是C级任务哦，任务内容是调查村民失踪事件，这次是你第一次带队执行任务，一切要小心哦。,,,,,,,,
1180,0,0,放心，我搞的定。,,,,,,,,
1181,0,0,过了这片树林就是事件发生的村子了，我们先去村子调查下情况。,,,,,,,,
1182,0,0,前面就是村子了，我们先过去看看。,,,,,,,,
1183,0,0,村庄里一位老婆婆坐在地上哭泣,,,,,,,,
1184,0,0,老婆婆，你为什么在这里哭啊？,,,,,,,,
1185,0,0,呜呜呜~~~我的孙子被魔物抓走快半个月了，我想他肯定遭遇不测了，我也不想活了，呜呜呜~~~~,,,,,,,,
1186,0,0,老婆婆您先别急，我们是创世之翼，是受你们委托专门来调查这次事件的。,,,,,,,,
1187,0,0,啊，创世之翼终于来了，呜呜呜~,,,,,,,,
1188,0,0,你放心，我们一定会查清真相的。对了，除了您孙子外村子里还有人失踪吗？,,,,,,,,
1189,0,0,村子里所有的小孩都失踪了，只剩下我们这些老弱病残，呜呜呜~~~哦，对了，据说考林家的儿子没被抓走，他应该知道一些东西。,,,,,,,,
1190,0,0,太好了，他现在在哪里呢？,,,,,,,,
1191,0,0,可能是因为惊吓过度，不敢呆在村子里了，怕又被魔物抓走，好像躲在村子后面的树林里，这两天我们也都在找他，如果找到他应该可以有一些线索。,,,,,,,,
1192,0,0,那我们马上出发去找他，老婆婆您放心，我们一定会把您的孙子给带回来的。,,,,,,,,
1193,0,0,谢谢英雄！！！,,,,,,,,
1194,0,0,出发吧。,,,,,,,,
1195,0,0,根据刚刚收集到的情报，这里应该就是考林的儿子躲藏的森林，我们开始搜索吧。,,,,,,,,
1196,0,0,嗯嗯。,,,,,,,,
1197,0,0,一名小孩神色慌张的躲在一颗大石头后面,,,,,,,,
1198,0,0,找到他了。,,,,,,,,
1199,0,0,不要抓我，不要抓我，呜呜呜~~~,,,,,,,,
1200,0,0,小朋友，别怕，我们不是来抓你的，我们是创世之翼，是来调查你们村子儿童失踪事件的，找你是想问一些情况。,,,,,,,,
1201,0,0,我不知道我不知道，你们就让我躲在这儿吧，我什么都不知道！！！！！！！,,,,,,,,
1202,0,0,你是男子汉勇敢点！！！！,,,,,,,,
1203,0,0,经过XXX的怒吼，小孩稍显镇定。,,,,,,,,
1204,0,0,呜呜呜，好吧，事情是这样的，那天我跟小伙伴们在森林里玩，突然来了个奇怪的人，它长着鹿的角和鹿的腿，还长着尾巴，他非要跟我们一起玩，我们从没见过这样的人，都吓坏了。,,,,,,,,
1205,0,0,小伙伴正准备逃走，怪人突然变的很愤怒，用他手上的魔杖一挥，小伙伴们不知怎么回事竟然都乖乖的跟着他走了。,是嗎？我瞧瞧潛過去看看。,,,,,,,
1206,0,0,我因为躲在树后没被发现才躲过去的，不知道小他们现在怎么样了，是不是被吃掉了啊，呜呜呜。,,,,,,,,
1207,0,0,可恶的魔物，我们必须赶紧找到他。小朋友，你知道他们去了哪里吗？,,,,,,,,
1208,0,0,我只知道他们好像穿过这片森林了。,,,,,,,,
1209,0,0,事不宜迟，我们出发吧！,,,,,,,,
1210,0,0,嗯嗯，小朋友，你也别害怕，我们正过去打倒怪物呢，村里人都很担心你，赶紧回家去吧。,,,,,,,,
1211,0,0,知道了，呜呜呜~,,,,,,,息送到各個附近的分殿，力求在我們創世之翼發現前得到。,
1212,0,0,这里应该就是魔物躲藏的地方，开始搜索吧。,,,,,,,,
1213,0,0,你听见了吗？似乎有小孩玩耍的声音。,,,,,,,,
1214,0,0,是啊，赶紧过去看看。,,,,,,,,
1215,0,0,大家被眼前的一幕惊呆了，一群小孩正在跟那个鹿角怪一起玩耍，而且玩的很开心。,,,,,,,,
1216,0,0,这……这是什么情况？,,,,,,,,
1217,0,0,你们是谁？来干吗？,,,,,,,,
1218,0,0,可恶的魔物，竟然抓走小孩陪你玩！！！,,,,,,,,
1219,0,0,你们是想来带走他们吗？,,,,,,,,
1220,0,0,是的，乖乖的放他们回去，饶你不死。,,,,,,,,
1221,0,0,绝不允许！！！哇啊啊啊啊啊啊！！！！,,,,,,,,
1222,0,0,为什么，为什么要这么对我，你们把我孤零零的召唤到这个世界，我渴望接触这边的人类，你们却把我当怪物，不愿接受我！,,,,,,,,
1223,0,0,我花了好长时间让小朋友接受我，而现在你们却又要打破它！！！！,您就當放個屁把我放了吧••••,,,,,,,
1224,0,0,既然来到了这个世界，那就要遵守这个世界的规则，只要你能善待村民们，迟早有一天他们回接受你的。,,,,,,,,
1225,0,0,呜呜呜，好吧，是我错了，你带他们走吧，我会慢慢适应这个世界的。,,,,,,,,
1226,0,0,对了，你知道是谁把你召唤到这个世界来的吗？,,,,,,,,
1227,0,0,我只知道是一群穿着黑色斗篷的人，神神秘秘的，然后给我下命令去袭击村民们，因为我厌恶战斗，只喜欢玩，所以就到森林里躲起来了。,,,,,,,,
1228,0,0,穿黑色斗篷的人？难道是人类？,,,,,,,,
1229,0,0,为什么我会感觉到一丝悲伤。,,,,,,,,
1230,0,0,没想到这次任务会这么顺利，这次的奖励很丰厚哦，哈哈。,,,,,,,,
1231,0,0,果然没看错，成长的挺快嘛，我敢保证你一定会成为创世五虎那样伟大的赏金猎人。,,,,,,,,
1232,0,0,创世五虎？,,,,,,,,
1233,0,0,创世五虎是初代的赏金猎人，也是代表着创世之翼最强战斗力的队伍，成为像创世五虎那样的人是所有赏金猎人的愿景。,,,,,,,,
1234,0,0,圣殿之战你知道吗，创世五虎与S级神魔作战，最终虽然战败了，但他们的英勇事迹依然激励着我们每一个人赏金猎人。,,,,,,,,
1235,0,0,虽然不太明白，但还是觉得好厉害。,,,,,,,,
1236,0,0,……,,,,,,,,
1237,0,0,集合了！！！,,,,,,,,
1238,0,0,又有什么任务了吗？,,,,,,,,
1239,0,0,是的，这次可厉害了，是军部发布的任务。,,,,,,,,
1240,0,0,军部？创世之翼不是赏金猎人联盟吗，怎么跟政府扯上关系了。,,,,,,,,
1241,0,0,创世之翼另一个身份可是政府唯一的雇佣军，有什么紧急任务都是交付给我们创世之翼呢。,,,,,,,,
1242,0,0,不太明白，如果都是雇佣军来做事，那军部有什么存在的意义？,,,,,,,,
1243,0,0,军部几乎不养什么军队，但他们控制了整个大陆魔石的开采和管理，而我们要壮大队伍必须借助异界魔神的力量，因此他们都以魔石作为代价让创世之翼为其服务。,,,,,,,,
1244,0,0,而且他们掌握着最先进的召唤术，据说连S级神魔都能召唤出来，这也是创世之翼要臣服于政府的原因。,,,,,,,,
1245,0,0,唉，突然觉得自己好悲哀，不过是个打手。,,,,,,,,
1246,0,0,你想多了，笨蛋。话说回来这次的任务挺棘手的，此前被军部监禁的魔物马面人和牛头人突然暴走，从监狱逃跑了，现在下落不明，他们是极其危险的魔物，我们的任务就是回收他们。,,,,,,,,
1247,0,0,为军部擦屁股的事，想想真是不爽啊。,,,,,,,,
1248,0,0,别抱怨了，赶紧出发吧，我们从迷雾之森开始搜起。,,,,,,,,
1249,0,0,你们是创世之翼的人吧，有什么发现吗？,,,,,,,,
1250,0,0,暂时还没有。,,,,,,,,
1251,0,0,给我仔细点搜，发现状况及时汇报。,,,,,,,,
1252,0,0,知道了，哼！,,,,,,,,
1253,0,0,这些就是军部的人吗？态度这么傲慢。,,,,,,,,
1254,0,0,是啊，让我们帮忙还这么嚣张，哼。,,,,,,,,
1255,0,0,不过也没办法，魔石都掌握在他们手里，只能忍了。,,,,,,,,
1256,0,0,总有一天我要教训他们。,很快會有消息的。,,,,,,,
1257,0,0,收到情报，马面人就在密林深处，你们赶紧过去堵截他。,,,,,,,,呵呵......
1258,0,0,终于有线索了啊。,,,,,,,,
1259,0,0,记住一旦发现要第一时间通知我们，不可擅自行动。,,,,,,,,
1260,0,0,知道了。,,,,,,,,
1261,0,0,走吧，赶紧抓到魔物完成任务吧，看见这帮人就不舒服。,,,,,,,,
1262,0,0,嗯嗯。,,,,,,,,
1263,0,0,一群英雄殿士兵倒在地上，似乎有战斗过的痕迹。,,,,,,,,
1264,0,0,你们怎么了？,,,,,,,,
1265,0,0,刚我们与马面人交战了，但被它给跑了。,,,,,,,,
1266,0,0,真够弱的，这么一群人抓不住一只魔物。,,,,,,,,
1267,0,0,你，你说什么？敢惹我们军部，不想活了吗？,,,,,,,,
1268,0,0,对不起队长，这是我们新来的，不清楚状况。,,,,,,,,
1269,0,0,管好你的手下。,,,,,,,,
1270,0,0,好的，好的。,,,,,,,,
1271,0,0,别冲动，惹他们没好处的。你看地上有一些血迹，似乎马头人也受伤了，我们就沿着血迹追踪吧。,，其他遊戲的NPC也和你一樣沒心沒肺的？,,,,,,,
1272,0,0,哎~,,,,,,,,
1273,0,0,对了，话说軍部囚禁这些魔物干吗啊？,,,,,,,,
1274,0,0,天知道，军部一直都神神秘秘的，谁知道他们在搞些什么勾当。,,,,,,,,
1275,0,0,总觉得有些奇怪。,,,,,,,,
1276,0,0,发现马头人了！！！看，就在前面的树下！,,,,,,,,
1277,0,0,嗯嗯，你先看着他，我去通知军部的人。,,,,,,,,
1278,0,0,不好了，马头人发现我们了，追上去先制服它再说了。,,,,,,,,
1279,0,0,嘶~~~~~~~~~~~,,,,,,,,
1280,0,0,军部的人来了。,,,,,,,,
1281,0,0,为什么不事先通知我们？,,,,,,,,
1282,0,0,我们被马头人发现了，他想跑，被我们制服了。,,,,,,,,
1283,0,0,笨蛋，我们是想通过马头人去找到牛头人的，将他们一网打尽的，哼，一群碍事的家伙。,,,,,,,,
1284,0,0,好了，这里没你们什么事了，你们去找牛头人吧。,,,,,,,,
1285,0,0,呜哇哇，受不了了，我一定要宰了这帮家伙。,,,,,,,,
1286,0,0,额，你消消气，再忍忍，毕竟他们是我们的雇主。,,,,,,,,
1287,0,0,呼呼呼呼~~~~,,,,,,,,
1288,0,0,收到情报，牛头人在荒芜之地，我们走吧。,,,,,,,,
1289,0,0,真不想为这帮人卖命！！,,,,,,,,
1290,0,0,牛头人暴走了会伤及村民的，就当帮村民们一个忙吧。,,,,,,,,
1291,0,0,只此一次，下次军部的任务别找我了。,,,,,,,,
1292,0,0,这里就是荒芜之地了，你准备好了吗？,,,,,,,,
1293,0,0,出发吧。,,,,,,,,
1294,0,0,看，前面军部的人正在跟牛头人战斗呢。,是嗎？我瞧瞧潛過去看看。,,,,,,,
1295,0,0,就这帮废人，想必肯定降服不了牛头人吧。,,,,,,,,
1296,0,0,过去帮忙吧。,,,,,,,,
1297,0,0,唉，真不想出手。,,,,,,,,
1298,0,0,快抓住他！,,,,,,,,
1299,0,0,吼！！！！！！,,,,,,,,
1300,0,0,没想到这些召唤失败品竟然还费我们这么大力气。,,,,,,,,
1301,0,0,召唤失败品？,,,,,,,,
1302,0,0,额。。。你听错了，我什么都没说！,,,,,,,,
1303,0,0,沒你們的事了，赶紧走吧！,,,,,,,,
1304,0,0,突然，被制伏的牛头人挣脱束缚，朝森林里飞奔。,,,,,,,,
1305,0,0,啊啊啊啊啊啊！,,,,,,,,
1306,0,0,没想到又暴走了，白费这么多力气。,,,,,,,,
1307,0,0,对了，创世之翼的你们过来，赶紧去帮我把那头死牛降服了！！,,,,,,,,我偉大神父降臨的聖石！
1308,0,0,吼什么吼，牛头人我们制伏了，任务也完成了，他是在你们自己手里跑走的，你们自己去抓吧。,,,,,,,,運了。
1309,0,0,你，，你是哪个班的，竟敢得罪军部！！！！,,,,,,,,
1310,0,0,长官消消气，我们这就去抓。,,,,,,,,
1311,0,0,呼呼呼呼~~,,,,,,,,
1312,0,0,走啦走啦，别理他们。,,,,,,,,
1313,0,0,在想什么呢？,,,,,,,,
1314,0,0,我在想刚刚军部的人说的话，召唤失败品到底是什么意思呢？,,,,,,,,
1315,0,0,我早说里面肯定有问题了。,,,,,,,,
1316,0,0,如果是正常的契约召唤，被召唤魔神应该是有人类意识的，而刚看到的牛头人与马头人却跟野兽没什么区别，难道这就是所谓的召唤失败品？,,,,,,,,
1317,0,0,照这么说，难道底比琉斯大陆里这些四处遍布的魔物都是召唤失败品？,,,,,,,,
1318,0,0,这个……也许是我想多了。不管这么多了，这些也不是我们要考虑的，继续去找那只老牛吧。,,,,,,,,
1319,0,0,前面有只长着牛头的怪物发疯了，看见人就攻击。,,,,,,,,
1320,0,0,没错，是牛头人，应该就在前面！,,,,,,,,
1321,0,0,牛頭人似乎是在暴走状态，千万要小心。,,,,,,,,
1322,0,0,嗯，看来不好对付。,,,,,,,,
1323,0,0,吼~~~吼~~~吼~~~~~~~~~~,,,,,,,,
1324,0,0,受死吧！！！,,,,,,,,
1325,0,0,看来他们果然没有自我意识，看见人类就攻击，这种召唤术非常危险，军部为什么要进行这种实验呢？,,,,,,,,
1326,0,0,不知道，反正肯定不是什么好事。,,,,,,,,
1327,0,0,不想了，任务终于完成了，剩下的让军部的人自己处理吧。,,,,,,,,
1328,0,0,嗯嗯，回去一定要喝个痛快，哈哈哈。,,,,,,,,
1329,0,0,组织又指派新任务了，我们赶紧出发,,,,,,,,
1330,0,0,这么急啊，这次什么任务啊？,,,,,,,,
1331,0,0,收到情报，迷雾之森附近的村民感染了一种奇怪的病毒，中毒者三天之内就会神志不清，而且病毒传播速度非常快，我们要尽快调查出病毒的源头阻止扩散。,,,,,,,,
1332,0,0,好像挺严重的样子。,,,,,,,,
1333,0,0,这里就是迷雾之森了，因为长年比较潮湿，这里盘踞了诸多巨毒魔物，千万要小心,,,,,,,,
1334,0,0,知道了。,,,,,,,,
1335,0,0,地上躺着一个人，在痛苦的挣扎着。,,,,,,,,
1336,0,0,老爷爷你怎么了。,,,,,,,,
1337,0,0,离我远点！！！！我中毒了，这种病毒很容易传染，不想死的话就赶紧走开。,,,,,,,,
1338,0,0,我们是创世之翼，是来调查病毒的情况的。,,,,,,,,
1339,0,0,没用的，我是村子理的医生，这次病毒不是一般的病毒，我已经用各种药都试过了，都没有效果。,,,,,,,,
1340,0,0,为了寻找解毒药，我只能以身试毒，现在已经有一些眉目了，相信再给我点时间一定可以研制出解药。,,,,,,,,
1341,0,0,你知道病毒是如何被感染的吗？,,,,,,,,
1342,0,0,是被一种奇怪的蜘蛛咬的。,,,,,,,,
1343,0,0,奇怪的蜘蛛？,,,,,,,,
1344,0,0,是的，这种蜘蛛我活了这么多年了，从来没见到过，不知道它们是从哪里来的，不过可以肯定的是这次病毒是由这种蜘蛛引起的。,,,,,,,,
1345,0,0,知道了，老爷爷我先让下属带你回村子研究解药。,,,,,,,,
1346,0,0,那有劳了，我也会全力研究解药解救村民的。,,,,,,,,
1347,0,0,我怀疑这些奇怪的蜘蛛一定又是异界魔物带过来的。,,,,,,,,
1348,0,0,我也这么想，那要赶紧找到这个魔物了。,,,,,,,,
1349,0,0,可迷雾之森这么大怎么找啊。,,,,,,,,
1350,0,0,我暂时也没头绪，但这些蜘蛛似乎是从森林深处扩散出来的，我们先往里面走吧。,,,,,,,,
1351,0,0,看，越往里走，蜘蛛就越多，看来我们的猜测没错。,,,,,,,,
1352,0,0,嗯嗯，那我们加快速度吧。,,,,,,,,
1353,0,0,蜘蛛越来越多了，好恶心啊，最讨厌蜘蛛蝎子什么的了。,,,,,,,,
1354,0,0,话说我也有点密集恐惧症。,,,,,,,,
1355,0,0,再也不接这种任务了，呜呜呜。,,,,,,,,
1356,0,0,啊呀！,,,,,,,,
1357,0,0,只见苏拉的小腿部出现一排黑色的齿痕。,,,,,,,,
1358,0,0,不好，你中毒了。,,,,,,,,
1359,0,0,呜哇哇，怎么办，怎么办，我要死了！！！！,,,,,,,,
1360,0,0,可恶的毒虫，别紧张，我先帮你包扎一下。,,,,,,,,
1361,0,0,一早我就有种不祥的预感，果然应验了，呜呜呜~,,,,,,,,
1362,0,0,要不这样，你先回去，我继续搜寻魔物。,,,,,,,,
1363,0,0,只能这样了，这些可恶的蜘蛛，XXX，你一定要帮我报仇哦，呜呜呜~,,,,,,,,
1364,0,0,这满地的蜘蛛，似乎离的越来越近了，我自己也要小心。,,,,,,,,
1365,0,0,这里是迷雾之森最深处了，魔物应该就是这里了，苏拉、村民们，你们一定要坚持住。,,,,,,,,
1366,0,0,终于找到你了，死蜘蛛！！！,,,,,,,,
1367,0,0,呜哈哈哈哈，又来了一个送死的人。,,,,,,,,
1368,0,0,呜哈哈哈哈，好喜欢好喜欢这个世界，看着你们痛苦的表情，我就好欢乐好欢乐~,,,,,,,,
1369,0,0,不想死的话就给我解药，然后跟你那帮丑恶的蜘蛛一起滚回魔界！,,,,,,,,
1370,0,0,呜哈哈哈哈，你也太自不量力了，就让你体味下求生不得，求死不能的感受吧！,,,,,,,,
1371,0,0,额，竟然败了。,,,,,,,,
1372,0,0,你以为人类就这么好欺负嘛，快把解药交出来，我就饶你一命。,,,,,,,,
1373,0,0,呜哈哈哈哈，你以为打败我你们就赢了吗？你们人类就是天真，在我们魔神界面前你们不过是蝼蚁，这也只是刚刚开始，好戏在后头呢。,,,,,,,,
1374,0,0,薩隆大人，我来效忠你了！！,,,,,,,,
1375,0,0,说完阿爾克墨涅一道金光闪过，瞬间消失了。,,,,,,,,
1376,0,0,看来是被召回魔界去了，薩隆？好熟悉的名字？,,,,,,,,
1377,0,0,没时间想这么多了，虽然蜘蛛被消灭了，但苏拉和村民的毒怎么办。,,,,,,,,
1378,0,0,嘿，我回来了！！！！,,,,,,,,
1379,0,0,呼呼，终于找到你了。,,,,,,,,
1380,0,0,咦，你们不是中毒了嘛，为什么会在这里。,,,,,,,,
1381,0,0,我已经研制出了解毒的药剂了，看，我跟苏拉现在已经完全痊愈了。,,,,,,,,
1382,0,0,太好了，现在蜘蛛也消灭了，解毒药也研制出来了，任务完成了，哈哈。,,,,,,,,
1383,0,0,想的美，还有个问题，解毒药需要大量的蛇胆作为添加剂，时间长了病毒可能会变异，所以我们急着跑过来找你就是叫你去收集一些蛇胆。,,,,,,,,
1384,0,0,没问题，我这就去。,,,,,,,,
1385,0,0,对了，过了森林就是幽暗沼泽，那里有大量的毒蛇，你可以去那里收集。,,,,,,,,
1386,0,0,我一定尽快收集蛇胆带回去。,,,,,,,,
1387,0,0,都没休息又要继续上路了，悲催的我啊。,,,,,,,,
1388,0,0,有勞了！,,,,,,,,
1389,0,0,这里就是幽暗沼泽了，感觉好阴森恐怖。,,,,,,,,
1390,0,0,别感觉了，我负责剿灭蛇，你负责收集蛇胆。,,,,,,,,
1391,0,0,虽然不太情愿，但也只能这样了，唉。,,,,,,,,
1392,0,0,你有没有发现一个奇怪的情况，这里的蛇似乎都在往一个方向移动。,,,,,,,,
1393,0,0,难道是知道我们要来取蛇胆，吓跑了，哈哈哈。,,,,,,,,
1394,0,0,正经点，似乎是受到了某种召唤。,,,,,,,,
1395,0,0,别想这么多了，收集蛇胆要紧。,,,,,,,,
1396,0,0,呼，累死了，终于差不多快收集完成了。,,,,,,,,
1397,0,0,嗯，这次领了赏金一定要喝的痛快，然后美美的睡上几天，哈哈哈。,,,,,,,,
1398,0,0,那打起精神速度完成任务吧！！,,,,,,,,
1399,0,0,聚集的蛇越来越多了，肯定有问题。,,,,,,,,
1400,0,0,嗯，我也觉得，我们跟着过去看看。,,,,,,,,
1401,0,0,看见了吗，前方有一团光，蛇都被吸引到那边去了。,,,,,,,,
1402,0,0,好像是在进行什么仪式。,,,,,,,,
1403,0,0,走，我们过去看看！,,,,,,,,
1404,0,0,这，这什么情况……,,,,,,,,
1405,0,0,只见蛇群中间冒出一只三只头的巨蛇，似乎其他的蛇都融入它的身体。,,,,,,,,
1406,0,0,原来这个魔物在融合其他的蛇进行进化。,,,,,,,,
1407,0,0,进化？,,,,,,,,
1408,0,0,进化就是一种魔物通过融合相同的物种，从而形成更强大的物种。,,,,,,,,
1409,0,0,那如果它一直吃其他的蛇，那不是会变的非常强大。,,,,,,,,
1410,0,0,理论上是这样的。,,,,,,,,
1411,0,0,现在已经这么大了，那要赶紧灭了它才行，以绝后患。,,,,,,,,
1412,0,0,嗯，小心点，这蛇看着很毒。,,,,,,,,
1413,0,0,还挺耐打的嘛。,,,,,,,,
1414,0,0,遭了，让它跑走了。,,,,,,,,
1415,0,0,这样，我们分头行动，你把蛇胆送去给医生，我追上去消灭它。,,,,,,,,
1416,0,0,好的，你自己小心。,,,,,,,,
1417,0,0,蛇还在不断的往前面聚拢，估计还在继续进化。,,,,,,,,
1418,0,0,轰轰轰，远处传来巨响，一团巨大的黑影笼罩在大地上。,,,,,,,,
1419,0,0,这是什么声音？那，那是什么？不会是刚刚那只蛇吧。,,,,,,,,
1420,0,0,只见一只足有30米高的巨蛇屹立在XXX身旁，巨蛇有九个头，吐着蛇信，异常狰狞。,,,,,,,,
1421,0,0,哈哈哈，终于让我进化到最终形态了，卑微的人类，差点就被你破坏了，来吧，让你知道什么是真正的恐怖，哈哈哈！,,,,,,,,
1422,0,0,不，这不可能，怎么可能被人类战胜，呜哇哇哇~,,,,,,,,
1423,0,0,千万别低估了人类的力量！！,,,,,,,,
1424,0,0,对不起，薩隆大人，让您失望了。,,,,,,,,
1425,0,0,说完九头蛇消失了。,,,,,,,,
1426,0,0,又是薩隆，到底是什么人？为什么想不起来了？啊啊啊啊！！！,,,,,,,,
1427,0,0,这次的任务是独角兽捕获。,,,,,,,,
1428,0,0,独角兽是什么东西？,,,,,,,,
1429,0,0,是一种类似于马的魔物，特别的是他头上长了只角，这只角有着神奇的功效，可以用来净化水源，可是价值连城的东西。,,,,,,,,
1430,0,0,接到情报，在贫瘠之地有独角兽出没，我们这就出发吧。,,,,,,,,
1431,0,0,嗯嗯。,,,,,,,,
1432,0,0,找了一圈连个影子都没看到，唉~,,,,,,,,
1433,0,0,情报可靠吗？,,,,,,,,
1434,0,0,组织的情报机构从来没有出错过，应该可靠的吧，再四处找找吧。,,,,,,,,
1435,0,0,呼呼，已经走了这么久了，还是什么线索都没有，怎么找啊。,,,,,,,,
1436,0,0,情报说独角兽非常的敏捷和狡猾，很难找到的，不过这样毫无头绪的找也不是办法，要不然先回总部吧。,,,,,,,,
1437,0,0,嗯嗯。,,,,,,,,
1438,0,0,我的赏金啊，呜呜呜。,,,,,,,,
1439,0,0,咦，前面有个哭泣的小女孩，我们过去看看？,,,,,,,,
1440,0,0,好啊，说不定有什么线索。,,,,,,,,
1441,0,0,小朋友，你为什么一个人在这哭啊？,,,,,,,,
1442,0,0,我看到妖怪了，呜呜呜~,,,,,,,,
1443,0,0,啊，什么样子的妖怪？,,,,,,,,
1444,0,0,一只很高大长着角的马，我在院子里睡觉，醒来就看见她在趴在我身边，吓死我了。,,,,,,,,
1445,0,0,听描述一定就是独角兽了。,,,,,,,,
1446,0,0,嗯嗯，只是到哪里才能找到他呢？,,,,,,,,
1447,0,0,前几天我隔壁的小朋友也在院子里睡觉碰到过，大家都吓得不敢回家了。,,,,,,,,
1448,0,0,别怕，我们是来抓那只妖怪的，我们保证它以后再也不会出现了。,,,,,,,,
1449,0,0,谢谢，那我先回家了。,,,,,,,,
1450,0,0,分析下来独角兽应该喜欢接近睡觉的小女孩。,,,,,,,,
1451,0,0,我有个主意，哼哼~,,,,,,,,
1452,0,0,啊，你办法了？,,,,,,,,
1453,0,0,你到独角兽经常出没的地方假装睡觉，我躲在附近，待独角兽出现后我冲上去抓住他。,,,,,,,,
1454,0,0,呜呜呜，为了赏金只能这么办了。,,,,,,,,
1455,0,0,这里就是小女孩所说独角兽曾经出现过的地方了。,,,,,,,,
1456,0,0,那我先去前方當餌引誘獨角獸了，嗚嗚嗚。,,,,,,,,
1457,0,0,嗯嗯，別擔心，我随后就到。,,,,,,,,
1458,0,0,果然，独角兽躺在苏拉的边上。,,,,,,,,
1459,0,0,小獨角獸，找你找的好辛苦啊！,,,,,,,,
1460,0,0,嘶~~~~~~~~~~~~~,,,,,,,,
1461,0,0,看我怎么驯服你！！,,,,,,,,
1462,0,0,刚刚还挺温顺的，没想到瞬间变得这么暴躁。,,,,,,,,
1463,0,0,跟你的脾气很像！,,,,,,,,
1464,0,0,呜哇哇，你说什么！！！！！,,,,,,,,
1465,0,0,又有强大魔物出现！！,,,,,,,,
1466,0,0,？？？,,,,,,,,
1467,0,0,凄凉之地出现一只巨石怪，创世之翼派了好几个小组过去都失败了。,,,,,,,,
1468,0,0,如果我们能打倒这个魔物，那一定可以大大提升我们在创世之翼的地位了。,,,,,,,,
1469,0,0,我迫不及待了，出发吧。,,,,,,,,
1470,0,0,灭哈哈，又是创世之翼，竟然还敢过来！,,,,,,,,
1471,0,0,让你知道创世之翼的实力！！,,,,,,,,
1472,0,0,看不出来还是有两下子的嘛，不过我倒要谢谢你们让我获得新生了，哈哈哈~,,,,,,,,
1473,0,0,？？？,,,,,,,,
1474,0,0,……,,,,,,,,
1475,0,0,被打碎的巨石重新被拼了起來。,,,,,,,,
1476,0,0,有种继续来啊，哈哈哈。,,,,,,,,
1477,0,0,明明已经被打碎了，怎么还没死。,,,,,,,,
1478,0,0,不清楚，我们追上去看看。,,,,,,,,
1479,0,0,灭哈哈哈，愚蠢的人类，别再挣扎了，乖乖的滚回去吧。,,,,,,,,
1480,0,0,能打死你一次就能打死你第二次！,,,,,,,,
1481,0,0,不，不可能，怎么可能被人类打败！！！,,,,,,,,
1482,0,0,碎石又慢慢的组合起来。,,,,,,,,
1483,0,0,如果不怕死就跟过来，让你们见识我第三形态，哈哈哈。,,,,,,,,
1484,0,0,管你多少形态，打死你为止！！！,,,,,,,,
1485,0,0,灭哈哈哈哈，还真是一群不怕死的人，這次就成全你吧。,,,,,,,,
1486,0,0,第三次！,,,,,,,,
1487,0,0,为什么？为什么？,,,,,,,,
1488,0,0,好吧，那就让你见识我的最终形态，哈哈哈。,,,,,,,,
1489,0,0,还真没完没了了，唉。,,,,,,,,
1490,0,0,真是奇怪，这个巨石怪打不死啊。,,,,,,,,
1491,0,0,是啊，如果一直这么打下去得打到猴年马月啊，而且每一次都会变大变强不少。,,,,,,,,
1492,0,0,每次打散了石头都会重新拼起来，那如果把那些石头都打烂了你说还能拼的起来吗？,,,,,,,,
1493,0,0,好主意，我们试试。,,,,,,,,
1494,0,0,灭哈哈哈哈哈，这可是我的究极形态，是不是内心在颤抖啊！！,,,,,,,,
1495,0,0,这次看你怎么复活！！,,,,,,,,
1496,0,0,巨石怪被打散，大家纷纷把石头碾碎成粉末。,,,,,,,,
1497,0,0,啊啊啊啊啊啊！！！你们在干什么！！！！！不要啊啊啊啊！！！！,,,,,,,,
1498,0,0,哼哼，你还能再复活吗？咩灭哈哈哈哈~~~,,,,,,,,
1499,0,0,对不起薩隆大人，带我走吧。,,,,,,,,
1500,0,0,一道光闪过，巨石怪消失了。,,,,,,,,
1501,0,0,薩隆大人？,,,,,,,,
1502,0,0,每次这些魔物消失的时候都会提到YYY这个名字。,,,,,,,,
1503,0,0,这个名字我感觉好熟悉，好像想起了些什么，啊啊啊啊！！！头好疼！！,,,,,,,,
1504,0,0,额，你没事吧？,,,,,,,,
1505,0,0,没事，只是每次想起薩隆這個名字，我就有种很奇怪的感觉。,,,,,,,,
1506,0,0,可能薩隆曾经出现在你的记忆里把，先别想了，任务完成了，我们先回去吧。,,,,,,,,
1507,0,0,嗯嗯。,,,,,,,,
1508,0,0,因为上次巨石怪的任务表现卓越，我们现在可是创世之翼的明星战队了哦。,,,,,,,,
1509,0,0,哼哼，应该马上就能成为S级的赏金猎人了吧，哈哈哈！,,,,,,,,
1510,0,0,想的美。,,,,,,,,
1511,0,0,对了，这次组织给我们发布了A级任务哦！！！！,,,,,,,,
1512,0,0,哇，终于能做A级任务了啊，好兴奋！,,,,,,,,
1513,0,0,不过这次任务可是非常艰巨的，受军部委托，护送一大批魔石穿过格林沙漠区域，除了要应付各种魔物外，还有提防专门抢夺魔石的盗贼团。,,,,,,,,
1514,0,0,盗贼团？,,,,,,,,
1515,0,0,嗯，这些盗贼经常抢夺军部的魔石，因为这些盗贼神出鬼没，所以军部拿他们也没办法。,,,,,,,,
1516,0,0,倒是想见识下这个盗贼团，呵呵。,,,,,,,,
1517,0,0,呼，好大的风沙啊，不知道怎么才能穿过这片沙漠。,,,,,,,,
1518,0,0,喂，年轻人，你们这是要去哪里啊？,,,,,,,,
1519,0,0,老爷爷，我们想要穿过这片沙漠呢。,,,,,,,,
1520,0,0,要穿过格林沙漠可不简单啊，很容易就会迷路的，要不我把这头牛借给你们，他认识沙漠的路，让他带你们穿过沙漠吧。,,,,,,,,
1521,0,0,哞~~~~~,,,,,,,,
1522,0,0,真的啊，那真是太好了，谢谢老爷爷~,,,,,,,,
1523,0,0,没事，好多人进了这沙漠就出不去了，我担心你们出事。,,,,,,,,
1524,0,0,人间有真情啊，这样就不用担心路线了，还能帮我们扛一些物品，太好了。,,,,,,,,
1525,0,0,真是天上掉馅饼了，怎么总感觉有些可疑。,,,,,,,,
1526,0,0,呸呸呸，怎么说话的。,,,,,,,,
1527,0,0,那谢谢老爷爷，我们出发了。,,,,,,,,
1528,0,0,一路顺风！,,,,,,,,
1529,0,0,这沙漠怎么感觉路都是一样的。,,,,,,,,
1530,0,0,是啊，幸亏是有了这头牛，要不然肯定得迷路。,,,,,,,,
1531,0,0,不好了，碰上盗贼了。,,,,,,,,
1532,0,0,……,,,,,,,,
1533,0,0,乖乖的留下货物，放你们一条生路。,,,,,,,,
1534,0,0,你们就是专门抢夺魔石的盗贼团吗？,,,,,,,,
1535,0,0,什么盗贼团，我们叫魔盗团！！！！听清楚了吗？？？留下货物，回去跟军部说，魔石被魔盗团收走了。,,,,,,,,
1536,0,0,什么盗贼团魔盗团的，想拿走东西得先过我这关！,,,,,,,,
1537,0,0,身手不错，后会有期了，哈哈哈~,,,,,,,,
1538,0,0,嗯，就这么走了？,,,,,,,,
1539,0,0,不好，去看看货物还在吗。,,,,,,,,
1540,0,0,遭了，那只牛怎么不见了，货物可都在它身上？,,,,,,,,
1541,0,0,中计了，之前那个老頭肯定是跟他们一伙的，那只牛肯定也是受他们控制。,,,,,,,,
1542,0,0,就说天下没有掉馅饼的事吧。,,,,,,,,
1543,0,0,唉，大意了，我们得赶紧找回来这批货物，不然这些魔石流出去不知道又会造成什么危害了。,,,,,,,,
1544,0,0,事不宜迟，赶紧走吧。,,,,,,,,
1545,0,0,又热又渴，皮肤又晒黑了，我怎么这么可怜啊，呜呜呜~,,,,,,,,
1546,0,0,别抱怨了，现在也没退路了，只能往前走了。,,,,,,,,
1547,0,0,哇哇哇，我看见那头牛了！！！！！！！！！,,,,,,,,
1548,0,0,终于找到你这头死牛了，看我怎么收拾你！,,,,,,,,
1549,0,0,真厉害，竟然这么大沙漠也能被你们找到。,,,,,,,,
1550,0,0,还会说话，果然是异界魔物，受死吧。,,,,,,,,
1551,0,0,嗷嗷嗷~,,,,,,,,
1552,0,0,那批货物在哪里？,,,,,,,,
1553,0,0,真想不通你们为什么要帮军部卖命，劝你们回去吧，魔盗团你们斗不过的。,,,,,,,,
1554,0,0,快点说，穆特和货物在哪里？,,,,,,,,
1555,0,0,好吧，你们要送死我也不拦着，穿过前面的燃烧平原就是魔盗团的基地了，当然前提还要你们能活着走到那，哈哈。,,,,,,,,
1556,0,0,这里就是燃烧平原了啊，感觉好热啊，受不了了。,,,,,,,,
1557,0,0,是啊，比格林沙漠要热很多。,,,,,,,,
1558,0,0,不会热死在这把，呜呜呜。,,,,,,,,
1559,0,0,担心也是多余的，尽快穿过这片区域吧。,,,,,,,,
1560,0,0,额，我已经渴的不行了。,,,,,,,,
1561,0,0,前面有个民居，我们过去要点水喝。,,,,,,,,
1562,0,0,有人吗？,,,,,,,,
1563,0,0,什么事啊,,,,,,,,
1564,0,0,我们路过这里，想跟你讨点水喝。,,,,,,,,
1565,0,0,来来来，赶紧喝吧。,,,,,,,,
1566,0,0,你就是我们的救命恩人啊，喝了水精神好多了，嘿嘿。,,,,,,,,
1567,0,0,话说你们怎么会跑来这里的，因为突然变的很热，村子里的人都跑去其他地方了，我也正准备离开这呢。,,,,,,,,
1568,0,0,是发生什么事了吗？,,,,,,,,
1569,0,0,本来这里还是一片绿洲的，正因为前段时间来了个火焰兽，身上释放出大量的热量，最后把这里搞的像个火炉，村民们敢怒不敢言，只能默默的离开自己的家乡。,,,,,,,,
1570,0,0,岂有此理，竟然是魔物搞的鬼，你放心，我们来帮你们清除这只怪物。,,,,,,,,
1571,0,0,啊，真的吗？那实在是太感谢了！！,,,,,,,,
1572,0,0,对了，火焰兽全身都喷火，靠近它会被烫伤，你们可以从魔龙幼仔身上取得魔龙之翼，有了魔龙之翼就不怕它的火焰了。,,,,,,,,
1573,0,0,好的，那我们先去找魔龙之翼吧。,,,,,,,,
1574,0,0,穿过这个区域就有魔龙幼仔。,,,,,,,,
1575,0,0,出发吧。,,,,,,,,
1576,0,0,呼，终于找到你了。,,,,,,,,
1577,0,0,拿到魔龙之翼了，速度去消灭火焰兽吧。,,,,,,,,
1578,0,0,越来越热了，火焰兽应该就是在这里了，打起精神吧。,,,,,,,,
1579,0,0,幸好有魔龙之翼，要不肯定被热死了。,,,,,,,,
1580,0,0,呜~~~~~~~~~~~~,,,,,,,,
1581,0,0,竟敢侵入我的领地！！！！！,,,,,,,,
1582,0,0,什么你的领地，滚回你的魔界去吧！,,,,,,,,
1583,0,0,呜哇哇哇~~~,,,,,,,,
1584,0,0,说完火焰兽就消失了。,,,,,,,,
1585,0,0,终于凉快点了，呼呼~,,,,,,,,
1586,0,0,好了，下个区域就是魔盗团的基地了，出发！！！！！,,,,,,,,
1587,0,0,魔盜團很狡猾，基地估計也是在隱蔽的地方，看來有的找了。,,,,,,,,
1588,0,0,只能這樣了，唉~,,,,,,,,
1589,0,0,唉，累死了~,,,,,,,,
1590,0,0,我也是，这帮盗贼還真能藏。,,,,,,,,
1591,0,0,真是可恶，一定要抓到他们。,,,,,,,,
1592,0,0,嗚哈哈，終於找到了！！！！！,,,,,,,,
1593,0,0,哈哈，竟然被你们给找到了，创世之翼比我想象的要有毅力啊！,,,,,,,,
1594,0,0,少废话，把魔石交出来。,,,,,,,,
1595,0,0,那要看你有没有能耐了，如果能打贏我，魔石就還給你們！,,,,,,,,
1596,0,0,这回服了吧。,,,,,,,,
1597,0,0,服，把魔石还给他们！只是有一点我不明白，为什么你们创世之翼要做军部的走狗。,,,,,,,,
1598,0,0,军部控制魔石，暗地里做各种召唤实验，这些分散在各处的魔物都是他们召唤出来的。,,,,,,,,
1599,0,0,什么？你说这些来路不明的魔物都是军部召唤出来的？？？？,,,,,,,,
1600,0,0,据我们调查是这样的。,,,,,,,,
1601,0,0,这不可能，那他们的目的是什么？,,,,,,,,
1602,0,0,你知道英雄殿当年是怎样统一底比流斯大陆的么？,,,,,,,,
1603,0,0,就因为他们掌握了魔石以及召唤术，召唤魔物来对抗魔物，各国为了国民的安危所以才臣服于英雄殿的。,,,,,,,,
1604,0,0,而英雄殿为了巩固政权，一方面控制魔石产出，一方面研究更强大的召唤术。,,,,,,,,
1605,0,0,不可能，政府召唤魔物来袭击人民，如果是真的那就太可怕了。,,,,,,,,
1606,0,0,时间会证明一切，终有一天你会发现这一切都是事实。我期待着你们创世之翼有一天发现真相的时候能够站起来与英雄殿对抗。,,,,,,,,
1607,0,0,我们太渺小了，但创世之翼可以，也只有你们能推翻英雄殿的统治。,,,,,,,,
1608,0,0,放心，如果一切如你所说，我们不会再助纣为虐的！,,,,,,,,
1609,0,0,从你们身上我看到了希望，魔石还给你们，希望下次见面的时候我们能站在同一阵线上！兄弟们，走！,,,,,,,,
1610,0,0,看来我的直觉还是很准的，军部那帮人肯定不是好东西。,,,,,,,,
1611,0,0,但毕竟现在只是她的一面之词，还没有证据，这事先不要声张，我们暗中进行调查，如果真的像她说的那样，我们必须揭穿英雄殿虚伪的面纱。,,,,,,,,
1612,0,0,那这些魔石还要还给军部吗？,,,,,,,,
1613,0,0,那必须还了，我还要领取赏金呢，哈哈哈。,,,,,,,,
1614,0,0,本性又暴露了。,,,,,,,,
